artist,artist_id,followers,genres,popularity
Post Malone,246dkjvS1zLTtiykXe5h60,9978894,"[u'pop', u'rap']",97
Camila Cabello,4nDoRrQiYLoBzwC5BhVJzF,7817077,"[u'dance pop', u'pop', u'post-teen pop']",87
Dua Lipa,6M2wZ9GZgrQXHCFfjv46we,8518490,"[u'dance pop', u'pop', u'post-teen pop']",91
Selena Gomez,0C8ZW7ezQVs4URX5aX7Kqx,12967794,"[u'dance pop', u'pop', u'post-teen pop']",90
Ed Sheeran,6eUKZXaKkcviH0Ku9w2n3V,38143991,[u'pop'],93
Eminem,7dGJo4pcD2V6oG8kP0tJRR,23109986,"[u'detroit hip hop', u'g funk', u'hip hop', u'rap']",94
Luis Fonsi,4V8Sr092TqfHkfAA5fXXqG,4726067,"[u'dance pop', u'latin', u'latin pop', u'pop']",85
Maroon 5,04gDigrS5kc9YWfZHwBETP,15251122,[u'pop'],90
Lil Pump,3wyVrVrFCkukjdVIdirGVY,4836921,"[u'emo rap', u'miami hip hop', u'trap music']",88
G-Eazy,02kJSzxNuaWGqwubyUba0Z,3626014,"[u'hip hop', u'indie pop rap', u'pop', u'pop rap', u'rap']",86
NF,6fOMl44jA4Sp5b9PpYCkzz,1502106,[u'hip hop'],83
Maluma,1r4hJ1h58CWwUQe3MxPuau,13902062,[u'reggaeton'],92
Marshmello,64KEffDW9EtZ1y2vBYgq8T,7677676,"[u'brostep', u'egyptian pop', u'pop', u'progressive electro house']",90
Natti Natasha,1GDbiv3spRmZ1XdM1jQbT7,2319659,"[u'latin', u'latin pop', u'reggaeton', u'tropical']",84
Sam Smith,2wY79sveU1sp5g7SokKOiI,7612785,"[u'pop', u'post-teen pop']",90
Khalid,6LuN9FCkKOj5PcnpouEgny,4463098,[u'pop'],95
J Balvin,1vyhD5VmyZ7KMfW5gqLgo5,12331212,"[u'latin', u'reggaeton']",93
Portugal. The Man,4kI8Ie27vjvonwaB2ePh8T,826162,"[u'indie pop', u'modern rock', u'neo-psychedelic']",76
Danny Ocean,5H1nN1SzW0qNeUEZvuXjAj,1207311,"[u'latin', u'latin hip hop', u'latin pop', u'pop', u'reggaeton', u'tropical']",77
Bad Bunny,4q3ewBCX7sLwd24euuV69X,10218751,"[u'reggaeton', u'trap latino']",96
Hailee Steinfeld,5p7f24Rk5HkUZsaS3BLG5F,3357718,"[u'dance pop', u'pop', u'post-teen pop']",82
Anitta,7FNnA9vBm6EKceENgCGRMb,6831491,[u'baile pop'],85
Imagine Dragons,53XhwfbYqKCa1cC15pYq2q,15301254,"[u'modern rock', u'rock']",93
ZAYN,5ZsFI1h6hIdQRw2ti0hz81,6418137,"[u'dance pop', u'electropop', u'pop', u'post-teen pop']",86
Lil Uzi Vert,4O15NlyKLIASxsJ0PrXPfz,5482757,"[u'rap', u'trap music']",89
Becky G,4obzFoKoKRHIphyHzJ35G3,3510467,"[u'latin viral pop', u'pop', u'reggaeton']",88
Ozuna,1i8SpTcr7yvPOmcqrbnVXY,13671659,"[u'reggaeton', u'trap latino']",97
Cardi B,4kYSro6naA4h99UJvo89HB,5927731,"[u'pop', u'rap']",94
Logic,4xRYI6VqpkE3UwrDrAZL8L,3200383,"[u'conscious hip hop', u'hip hop', u'pop rap', u'rap']",86
French Montana,6vXTefBL93Dj5IqAWq6OTv,2293365,"[u'hip hop', u'pop', u'pop rap', u'rap', u'southern hip hop', u'trap music']",86
Bebe Rexha,64M6ah0SkkRsnPGtGiRAbb,2844303,"[u'dance pop', u'pop', u'post-teen pop']",87
Charlie Puth,6VuMaDnrHyPL1p4EHjYLi7,5995038,"[u'dance pop', u'pop', u'post-teen pop', u'viral pop']",83
Kendrick Lamar,2YZyLoL8N0Wb9xBt1NhZWg,11548956,"[u'conscious hip hop', u'hip hop', u'pop rap', u'rap', u'west coast rap']",91
Big Shaq,7mnAzEmgquhrVtGob81SmO,255333,[],62
Kygo,23fqKkggKUBHNkbKtXEls4,4095336,"[u'edm', u'pop', u'tropical house']",87
Piso 21,4bw2Am3p9ji3mYsXNXtQcd,2574430,"[u'colombian pop', u'latin', u'latin pop']",82
Offset,4DdkRBBYG6Yk9Ka8tdJ9BW,738699,"[u'atl hip hop', u'trap music']",91
Clean Bandit,6MDME20pz9RveH9rEXvrOM,2053072,"[u'dance pop', u'edm', u'pop', u'post-teen pop', u'tropical house', u'uk funky']",85
The Chainsmokers,69GGBxA162lTqCwzJG5jLp,10309994,"[u'edm', u'electropop', u'pop', u'tropical house']",89
21 Savage,1URnnhqYAYcrqrcwql10ft,5363631,"[u'atl hip hop', u'pop', u'pop rap', u'rap', u'trap music']",93
Drake,3TVXtAsR1Inumwj472S9r4,31358122,"[u'canadian hip hop', u'canadian pop', u'hip hop', u'pop rap', u'rap']",100
Shakira,0EmeFodog0BfCgMzAIvKQp,14866570,"[u'colombian pop', u'dance pop', u'latin', u'latin pop', u'mexican pop', u'pop']",85
Alex Sensation,0OROVBEZCocg0FcgJpyBse,73162,"[u'latin', u'tropical']",68
Axwell /\ Ingrosso,2XnBwblw31dfGnspMIwgWz,1564486,"[u'big room', u'dance pop', u'edm', u'pop', u'tropical house']",76
Migos,6oMuImdp5ZcFhWP0ESe6mG,8097451,"[u'atl hip hop', u'pop', u'rap', u'trap music']",87
Nacho,2ayNSoKPCRAfjp6hQ76hRu,1198024,"[u'dance pop', u'latin', u'latin pop', u'pop', u'tropical']",76
Demi Lovato,6S2OmqARrzebs0tKUEyXyp,12125244,"[u'dance pop', u'pop', u'post-teen pop']",87
Shawn Mendes,7n2wHs1TKAczGzO7Dd2rGr,13933939,"[u'canadian pop', u'dance pop', u'pop', u'post-teen pop', u'viral pop']",90
Martin Garrix,60d24wfXkVzDSfLS6hyCjZ,8337202,"[u'big room', u'edm', u'pop', u'progressive house', u'tropical house']",86
Michael Jackson,3fMbdgg4jU18AjLCKBhRSm,8234707,[u'pop'],86
MC Fioti,2W6kbe0nm96COrHzNmfLLd,1043877,[u'deep funk carioca'],68
Wisin,3E6xrwgnVfYCrCs0ePERDz,4054296,"[u'dance pop', u'latin', u'latin hip hop', u'latin pop', u'pop', u'reggaeton', u'tropical']",84
A$AP Ferg,5dHt1vcEm9qb8fCyLcB3HL,1690328,"[u'hip hop', u'pop', u'pop rap', u'rap', u'southern hip hop', u'trap music', u'underground hip hop']",80
Carlos Vives,4vhNDa5ycK0ST968ek7kRr,2566075,"[u'champeta', u'colombian pop', u'dance pop', u'latin', u'latin pop', u'tropical', u'vallenato']",77
Rita Ora,5CCwRZC6euC8Odo6y9X8jr,3313205,"[u'dance pop', u'edm', u'pop', u'post-teen pop', u'r&b', u'tropical house']",85
Famous Dex,0WOxhx4hikIsyF3CRPLC8W,1298865,"[u'drill', u'hip hop', u'pop', u'pop rap', u'rap', u'southern hip hop', u'trap music', u'underground hip hop', u'vapor trap']",77
Joey Montana,3ATyg4fGC9F8trfb0GRWmX,1340088,"[u'dance pop', u'latin', u'latin hip hop', u'latin pop', u'latin viral pop', u'pop', u'pop reggaeton', u'reggaeton', u'tropical']",69
Kodak Black,46SHBwWsqBkxI7EeeBEQG7,4114151,"[u'miami hip hop', u'pop rap', u'rap', u'trap music']",92
Avicii,1vCWHaC5f2uS3yhpwWbIA6,11511246,"[u'big room', u'edm', u'pop']",85
Lauv,5JZ7CnR6gTvEMKX4g70Amv,848721,"[u'dance pop', u'electropop', u'pop', u'post-teen pop']",84
DJ Khaled,0QHgL1lAIqAw0HtD7YldmP,3478111,"[u'dance pop', u'hip hop', u'miami hip hop', u'pop', u'pop rap', u'r&b', u'rap', u'southern hip hop', u'trap music']",81
Alan Walker,7vk5e3vY1uw9plTHJAMwjN,5973192,[u'tropical house'],87
Travis Scott,0Y5tJX1MQlPlqiwlOH1tJY,4203439,"[u'pop', u'rap']",96
Halsey,26VFTg2z8YR0cCuwLzESi2,4715225,"[u'dance pop', u'electropop', u'etherpop', u'indie poptimism', u'pop', u'post-teen pop']",92
Liam Payne,5pUo3fmmHT8bhCyHE52hA6,2625359,"[u'dance pop', u'edm', u'pop', u'post-teen pop', u'tropical house']",79
Calvin Harris,7CajNmpbOovFoOoasH2HaY,14668232,"[u'edm', u'electro house', u'house', u'pop', u'progressive house']",90
Bruno Mars,0du5cEVh5yTK9QJze8zA0C,18995414,"[u'pop', u'post-teen pop']",90
Macklemore & Ryan Lewis,5BcAKTbp20cv7tC5VqPFoC,2276670,"[u'dance pop', u'pop', u'pop rap']",77
Jason Derulo,07YZf4WDAMNwqr4jfgOZ8y,6343609,"[u'dance pop', u'pinoy hip hop', u'pop', u'pop rap', u'post-teen pop', u'r&b']",84
XXXTENTACION,15UsOTVnJzReFVN1VCnxy4,9514880,"[u'emo rap', u'miami hip hop']",99
Machine Gun Kelly,6TIYQ3jFPwQSRmorSezPxX,1315406,"[u'hip hop', u'pop rap', u'rap']",78
Justin Bieber,1uNFoZAHBGtllmzznpCI3s,25881552,"[u'canadian pop', u'dance pop', u'pop', u'post-teen pop']",91
OutKast,1G9G7WwrXka3Z1r7aIDjI7,1014685,"[u'atl hip hop', u'dirty south rap', u'hip hop', u'pop rap', u'rap', u'southern hip hop']",76
Sia,5WUlDfRSoLAfcVSX1WnrxN,9802741,"[u'australian dance', u'australian pop', u'dance pop', u'pop']",91
Miguel,360IAlyVv4PCEVjgyMZrxK,2052315,"[u'dance pop', u'indie r&b', u'pop', u'pop rap', u'r&b', u'rap', u'urban contemporary']",82
Lil Xan,3EXdLajEO02ziZ90P90bSW,1651414,"[u'underground hip hop', u'vapor trap']",77
Zedd,2qxJFvFYMEDqd7ui6kSAcq,3746789,"[u'complextro', u'dance pop', u'edm', u'german techno', u'pop', u'post-teen pop', u'tropical house']",86
Gucci Mane,13y7CgLHjMVRMDqxdx0Xdo,2429510,"[u'atl hip hop', u'dirty south rap', u'hip hop', u'pop', u'pop rap', u'rap', u'southern hip hop', u'trap music']",89
Future,1RyvyyTE3xzB2ZywiAwp0i,7452986,"[u'atl hip hop', u'pop', u'pop rap', u'rap', u'southern hip hop', u'trap music']",91
Foster The People,7gP3bB2nilZXLfPHJhMdvc,2378709,"[u'indie pop', u'indietronica', u'la indie', u'modern rock', u'pop', u'rock']",77
Romeo Santos,5lwmRuXgjX8xIwlnauTZIP,6859265,"[u'bachata', u'latin', u'tropical']",87
BTS,3Nrfpe0tUJi4K4DXYWgMUX,8375810,[u'k-pop'],90
Sebastian Yatra,07YUOmWljBTXwIseAUd9TW,5136018,[u'colombian pop'],86
James Arthur,4IWBUUAFIplrNtaOHcJPRM,3198306,"[u'dance pop', u'pop', u'post-teen pop', u'talent show']",85
Daddy Yankee,4VMYDCV2IEDYJArk749S6m,9877135,"[u'latin', u'latin hip hop', u'pop', u'reggaeton', u'tropical']",90
Marvin Gaye,3koiLjNrgRTNbOwViDipeA,2591490,"[u'classic soul', u'funk', u'motown', u'northern soul', u'quiet storm', u'soul']",76
Macklemore,3JhNCzhSMTxs9WLGJJxWOY,1197013,[u'pop rap'],79
Wolfine,2OnKRchqP7tT0FzTvWIFI7,714637,"[u'colombian pop', u'latin', u'tropical']",71
Jonas Blue,1HBjj22wzbscIZ9sEb5dyf,1504100,"[u'dance pop', u'edm', u'pop', u'tropical house']",84
Manuel Turizo,0tmwSHipWxN12fsoLcFU3B,2904554,"[u'colombian pop', u'latin', u'latin pop', u'reggaeton']",87
Taylor Swift,06HL4z0CvFAxyc27GXpf02,16964111,"[u'dance pop', u'pop', u'post-teen pop']",89
MC Kevinho,1mXAhKnZEdF6rotyyd4GBi,5758328,[u'deep funk carioca'],80
The Jackson 5,2iE18Oxc8YSumAU232n4rW,667541,"[u'adult standards', u'christmas', u'motown']",79
The Weeknd,1Xyo4u8uXC1ZmMpatF05PJ,13948718,"[u'canadian contemporary r&b', u'canadian pop', u'pop', u'rap']",90
Queen,1dfeR4HaWDbWqFHLkxsg1d,12020086,"[u'glam rock', u'rock']",96
Bee Gees,1LZEQNv7sE11VDY3SdxQeN,1549055,"[u'disco', u'mellow gold', u'soft rock']",76
Chris Jeday,0qTZZWLzuD59Un5r1speHm,702972,"[u'latin', u'latin hip hop', u'reggaeton flow', u'trap latino', u'tropical']",70
"Earth, Wind & Fire",4QQgXkCYTt3BlENzhyNETg,1516384,"[u'disco', u'funk', u'jazz funk', u'motown', u'quiet storm', u'soul']",76
Maggie Lindemann,0uGk2czvcpWQA383Im6ajf,513626,"[u'dance pop', u'pop', u'post-teen pop', u'viral pop']",71
Jesse & Joy,1mX1TWKpNxDSAH16LgDfiR,2527909,"[u'latin', u'latin arena pop', u'latin pop', u'mexican pop', u'pop']",76
NAV,7rkW85dBwwrJtlHRDkJDAC,1111742,"[u'canadian hip hop', u'pop', u'pop rap', u'rap', u'trap music']",82
P!nk,1KCSPY1glIKqW2TotWuXOR,5535151,"[u'dance pop', u'pop', u'post-teen pop']",83
David Guetta,1Cs0zKBU1kc0i8ypK3B9ai,17179036,"[u'dance pop', u'edm', u'pop']",90
Childish Gambino,73sIBHcqh3Z3NyqHKZ7FOL,4263935,"[u'atl hip hop', u'hip hop', u'pop rap', u'rap']",82
Daryl Hall & John Oates,77tT1kLj6mCWtFNqiOmP9H,682577,"[u'album rock', u'folk rock', u'mellow gold', u'rock', u'soft rock']",79
Shaggy,5EvFsr3kj42KNv97ZEnqij,1057483,"[u'dance pop', u'pop rap', u'reggae fusion']",74
CNCO,0eecdvMrqBftK0M1VKhaF4,4899118,"[u'boy band', u'latin', u'latin pop', u'pop', u'reggaeton', u'tropical']",80
The Clash,3RGLhK1IP9jnYFH4BRFJBS,1447977,"[u'classic rock', u'dance rock', u'new wave', u'permanent wave', u'punk', u'rock']",74
Julia Michaels,0ZED1XzwlLHW4ZaG4lOT6m,1260953,"[u'dance pop', u'electropop', u'pop', u'post-teen pop']",83
Yandel,0eHQ9o50hj6ZDNBt6Ys1sD,3180450,"[u'latin', u'latin hip hop', u'latin pop', u'pop', u'reggaeton', u'reggaeton flow', u'tropical']",81
Huncho Jack,6extd4B6hl8VTmnlhpl2bY,348560,"[u'hip hop', u'pop', u'pop rap', u'rap', u'southern hip hop', u'trap music', u'vapor trap']",73
Mark Ronson,3hv9jJF3adDNsBSIQDqcjp,486344,"[u'dance pop', u'pop']",85
Niall Horan,1Hsdzj7Dlq2I7tHP7501T4,3098045,"[u'dance pop', u'pop', u'post-teen pop']",77
Pharrell Williams,2RdwBSPQiwcmiDo9kixcl8,2592256,"[u'dance pop', u'pop', u'pop rap']",82
Zac Efron,6U1dBXJhC8gXFjamvFTmHg,363844,"[u'hollywood', u'post-teen pop']",79
Major Lazer,738wLrAtLtCtFOLvQBXOXp,5052821,"[u'dance pop', u'edm', u'electro house', u'moombahton', u'pop']",83
Cheat Codes,7DMveApC7UnC2NPfPvlHSU,948914,"[u'dance pop', u'edm', u'electropop', u'pop', u'post-teen pop', u'tropical house']",81
Justin Timberlake,31TPClRtHm23RisEBtV3X7,7428148,"[u'dance pop', u'pop']",83
Stevie Wonder,7guDJrEfX3qb6FEbdPA5qi,3200028,"[u'adult standards', u'boston hardcore', u'motown', u'quiet storm', u'soul']",81
Keala Settle,7HV2RI2qNug4EcQqLbCAKS,69776,"[u'broadway', u'hollywood']",78
Louis Tomlinson,57WHJIHrjOE3iAxpihhMnp,1767865,"[u'dance pop', u'pop', u'post-teen pop']",70
Toto,0PFtn5NtBbbUNbU9EAmIWF,854449,"[u'album rock', u'mellow gold', u'rock', u'soft rock']",76
Yo Gotti,6Ha4aES39QiVjR0L2lwuwq,2171370,"[u'dirty south rap', u'gangster rap', u'hip hop', u'memphis hip hop', u'pop', u'pop rap', u'rap', u'southern hip hop', u'trap music']",76
6ix9ine,7gZfnEnfiaHzxARJ2LeXrf,3170064,"[u'emo rap', u'rap']",93
Journey,0rvjqX7ttXeg3mTy8Xscbt,1799358,"[u'album rock', u'hard rock', u'mellow gold', u'rock', u'soft rock']",75
KYLE,4qBgvVog0wzW75IQ48mU7v,666114,"[u'hip hop', u'pop', u'pop rap', u'rap']",78
AC/DC,711MCceyCBcFnzjGY4Q7Un,9699737,"[u'album rock', u'australian rock', u'hard rock', u'rock']",84
Hugh Jackman,5F1aoppMtU3OMiltO8ymJ2,221267,[u'hollywood'],80
DJ Snake,540vIaP2JwjQb9dm3aArA4,3744730,"[u'dance pop', u'edm', u'electronic trap', u'pop', u'tropical house']",89
Loren Allred,0LyOADBjj28cbvJWTXUEGA,39977,"[u'deep talent show', u'hollywood', u'movie tunes']",72
Ziv Zaifman,2cQr2KbzdRtIFlfbHGnNsL,3297,[],69
Harry Styles,6KImCVD70vtIoJWnq6nGn3,3669483,"[u'dance pop', u'pop', u'post-teen pop']",76
SZA,7tYKF4w9nC0nq9CsPZTHyP,2250766,"[u'hip hop', u'indie r&b', u'pop', u'pop rap', u'r&b', u'rap']",83
Matt Terry,2JLqTvFXmC87BksiCsBezV,103398,[u'talent show'],64
The Killers,0C0XlULifJtAgn6ZNCW2eu,4205904,"[u'indie rock', u'modern rock', u'permanent wave', u'rock']",80
Abraham Mateo,2bxxlINUlcMQQb39K7IopR,597015,"[u'latin arena pop', u'latin pop', u'latin viral pop', u'spanish pop']",69
A Boogie Wit da Hoodie,31W5EY0aAly4Qieq6OFu6I,2239608,"[u'hip hop', u'pop', u'pop rap', u'rap', u'trap music']",89
Oasis,2DaxqgrOhkeH0fpeiQq2f4,3477423,"[u'britpop', u'madchester', u'permanent wave', u'rock']",80
Sam Hunt,2kucQ9jQwuD8jWdtR9Ef38,1510714,[u'contemporary country'],74
Coldplay,4gzpq5DPGxSnKTe4SA8HAU,16968045,"[u'permanent wave', u'pop']",90
Juan Magán,1ackd5XprZEkH3McKbQD51,1148262,"[u'dance pop', u'electro latino', u'latin', u'latin pop', u'pop', u'tropical']",78
Lil Skies,7d3WFRME3vBY2cgoP38RDo,1953139,"[u'rap', u'trap music']",85
Michelle Williams,2LAqcqAQ8KPTsl1HBgBrqM,2510,[],72
YBN Nahmir,3gGUMEwIX6XodWsYEvKSal,1321347,"[u'pop rap', u'rap', u'trap music', u'vapor trap']",77
Austyn Johnson,6Y20PijIkUoCtuvtkz37dO,992,[],63
Jax Jones,4Q6nIcaBED8qUel8bBx6Cr,368138,"[u'dance pop', u'edm', u'house', u'pop', u'post-teen pop', u'tropical house']",76
Troye Sivan,3WGpXCj9YhhfX11TToZcXP,2845549,"[u'dance pop', u'pop', u'post-teen pop', u'viral pop']",82
Enrique Iglesias,7qG3b048QCHVRO5Pv1T5lw,7817003,"[u'dance pop', u'latin', u'latin pop', u'mexican pop', u'pop', u'tropical']",80
Jay Rock,28ExwzUQsvgJooOI0X1mr3,477775,"[u'conscious hip hop', u'gangster rap', u'hip hop', u'pop rap', u'rap', u'southern hip hop', u'trap music', u'underground hip hop']",76
The Cranberries,7t0rwkOPGlDPEhaOcVtOt9,1399167,"[u'irish rock', u'limerick indie', u'pop rock']",75
Lean Trap,0jb2wJqlEnn5rG9h8TLLHO,17,[],0
Sfera Ebbasta,23TFHmajVfBtlRx5MXqgoz,2697786,[u'italian hip hop'],81
Rudimental,4WN5naL3ofxrVBgFpguzKo,896917,"[u'dance pop', u'edm', u'liquid funk', u'pop', u'tropical house', u'uk funky']",79
Cashmere Cat,2LZDXcxJWgsJfKXZv9a5eG,260232,"[u'dance pop', u'downtempo', u'edm', u'electropop', u'pop', u'post-teen pop', u'shiver pop']",68
Ramz,6ywXRaHY7m2DJ0dd7CsLAB,129858,"[u'grime', u'uk hip hop']",66
Carnage,7CCjtD0hCK005Bvg2WG1a7,204929,"[u'edm', u'rap', u'trap music', u'underground hip hop']",68
Jojo Maronttinni,6bGwi8TG7T8Vcp415XooE5,168884,[u'baile pop'],57
Bazzi,4GvEc3ANtPPjt1ZJllr5Zl,1008813,"[u'dance pop', u'pop', u'post-teen pop', u'rap']",84
Fall Out Boy,4UXqAaa6dQYAk18Lv7PEgX,5729744,"[u'emo', u'modern rock', u'pop punk']",83
Ghali,3egWSWp7Y4FyCKIyvXbw7L,1860227,[u'italian hip hop'],69
Dj Kass,431Pb5EV8KsCBGTw96ZTQ4,25041,[u'chilean hardcore'],59
Kesha,6LqNN22kT3074XbTVUrhzX,4168230,"[u'dance pop', u'electropop', u'pop', u'pop rap', u'post-teen pop']",79
Rich The Kid,1pPmIToKXyGdsCF6LmqLmI,1307865,"[u'atl hip hop', u'hip hop', u'pop', u'pop rap', u'rap', u'southern hip hop', u'trap music']",85
CHVRCHES,3CjlHNtplJyTf9npxaPl5w,905776,"[u'electropop', u'indietronica', u'metropopolis', u'modern rock', u'neo-synthpop', u'shimmer pop']",70
Rich Brian,2IDLDx25HU1nQMKde4n61a,949048,"[u'indonesian hip hop', u'underground hip hop']",76
Red Velvet,1z4g3DjTBBZKhvAroFlhOM,1887962,[u'k-pop'],76
Rae Sremmurd,7iZtZyCzp3LItcw1wtPI3D,4373252,"[u'hip hop', u'pop', u'pop rap', u'rap', u'southern hip hop', u'trap music']",82
John Legend,5y2Xq6xcjJb2jVM54GHK3t,4395517,"[u'neo soul', u'pop', u'r&b', u'urban contemporary']",84
Beyoncé,6vWDO969PvNqNYHIOW5v0m,16940067,"[u'dance pop', u'pop', u'post-teen pop', u'r&b']",87
ScHoolboy Q,5IcR3N7QB1j6KBL8eImZ8m,2207131,"[u'gangster rap', u'hip hop', u'pop rap', u'rap', u'southern hip hop', u'trap music', u'underground hip hop']",78
BlocBoy JB,4TEJudQY2pXxVHPE3gD2EU,567761,"[u'hip hop', u'pop rap', u'rap', u'southern hip hop', u'trap music', u'vapor trap']",78
Vince Staples,68kEuyFKyqrdQQLLsmiatm,746449,"[u'conscious hip hop', u'hip hop', u'pop rap', u'rap', u'underground hip hop']",77
SOB X RBE,2TImI3DW7o5MdRXJs4D37h,224105,"[u'trap music', u'vapor trap']",69
Jorja Smith,1CoZyIx7UvdxT5c8UkMzHd,693441,"[u'indie r&b', u'pop', u'r&b', u'uk contemporary r&b']",76
Ab-Soul,0g9vAlRPK9Gt3FKCekk4TW,496620,"[u'alternative hip hop', u'conscious hip hop', u'hip hop', u'pop rap', u'rap', u'southern hip hop', u'underground hip hop']",65
James Bay,4EzkuveR9pLvDVFNx6foYD,2118198,"[u'neo mellow', u'pop']",77
Zacari,3qBKjEOanahMxlRojwCzhI,28526,[u'gqom'],70
Mozzy,4AA474G2hRfrHyGrfyDseO,201733,"[u'trap music', u'west coast trap']",68
MC Loma e As Gêmeas Lacração,6tdM5Njlln7nWkonCppW0u,464496,"[u'baile pop', u'brega funk']",61
Adele,4dpARuHxo51G3z768sgnrY,13312443,[u'pop'],85
Christina Perri,7H55rcKCfwqkyDFH9wpKM6,1681835,"[u'dance pop', u'neo mellow', u'pop', u'post-teen pop', u'viral pop']",76
Hozier,2FXC3k01G6Gw61bmprjgqS,2703888,"[u'folk-pop', u'irish singer-songwriter', u'pop']",79
Ellie Goulding,0X2BH1fck6amBIoJhDVmmJ,5753395,"[u'dance pop', u'edm', u'electropop', u'metropopolis', u'pop', u'post-teen pop', u'r&b', u'tropical house']",84
Passenger,0gadJ2b9A4SKsB1RFkBb66,1957297,"[u'neo mellow', u'pop']",76
The Goo Goo Dolls,2sil8z5kiy4r76CRTXxBCA,1102803,"[u'alternative rock', u'neo mellow', u'permanent wave', u'pop rock', u'post-grunge']",72
Lord Huron,6ltzsmQQbmdoHHbLZ4ZN25,446964,"[u'folk-pop', u'indie folk', u'indie pop', u'new americana', u'stomp and holler']",75
Muse,12Chz98pHFMPJEknJQMWvI,4426867,"[u'modern rock', u'permanent wave', u'piano rock', u'post-grunge', u'rock']",81
Frank Ocean,2h93pZq0e7k5yf4dywlkpM,3956200,"[u'alternative r&b', u'hip hop', u'indie r&b', u'lgbtq+ hip hop', u'neo soul', u'pop', u'rap']",83
Sofia Reyes,0haZhu4fFKt0Ag94kZDiz2,723735,"[u'dance pop', u'latin', u'latin pop', u'mexican pop']",71
Sean Paul,3Isy6kedDrgPYoTS1dazA9,2176444,"[u'dance pop', u'dancehall', u'pop']",83
Reik,0vR2qb8m9WHeZ5ByCbimq2,2435618,"[u'latin', u'latin arena pop', u'latin pop', u'mexican pop', u'pop', u'reggaeton', u'tropical']",83
Tom Walker,7z2avKuuiMAT4XZJFv8Rvh,258750,"[u'indie anthem-folk', u'modern rock']",75
A$AP Rocky,13ubrt8QOOCPljQ2FL1Kca,4803323,"[u'east coast hip hop', u'hip hop', u'pop', u'pop rap', u'rap', u'trap music']",88
Glades,14rP13jdQNgQvuPA2AkBgm,53422,"[u'australian pop', u'dance pop', u'electropop', u'indie electro-pop', u'indie poptimism', u'pop', u'vapor soul']",62
5 Seconds of Summer,5Rl15oVamLq7FbSb0NNBNy,3977123,"[u'boy band', u'dance pop', u'pop', u'post-teen pop']",85
Janelle Monáe,6ueGR6SWhUJfvEhqkvMsVs,595430,"[u'alternative r&b', u'atl hip hop', u'dance pop', u'electropop', u'escape room', u'neo soul', u'pop', u'r&b']",72
Mau y Ricky,2wkoKEfS6dXwThbyTnZWFU,539451,"[u'latin', u'latin pop']",83
Jason Mraz,4phGZZrJZRo4ElhRtViYdl,3859528,"[u'acoustic pop', u'neo mellow', u'pop', u'pop rock']",81
Nicky Jam,1SupJlEpv7RS2tPNRaHViT,8463542,"[u'latin', u'latin hip hop', u'pop', u'reggaeton', u'tropical']",89
Tory Lanez,2jku7tDXc6XoB6MO2hFuqg,1932752,"[u'canadian hip hop', u'hip hop', u'pop', u'pop rap', u'r&b', u'rap', u'trap music']",87
j-hope,0b1sIQumIAsNbqAoIClSpy,1004285,"[u'k-hop', u'k-pop']",64
Meghan Trainor,6JL8zeS1NmiOftqZTRgdTz,6741727,"[u'dance pop', u'hip pop', u'pop', u'post-teen pop']",84
Swae Lee,1zNqQNIdeOUZHb8zbZRFMX,285036,[u'trap music'],93
Lil Yachty,6icQOAFXDZKsumw3YXyusw,4509294,"[u'atl hip hop', u'pop', u'pop rap', u'rap', u'southern hip hop', u'trap music']",86
Years & Years,5vBSrE1xujD2FXYRarbAXc,931140,"[u'dance pop', u'gauze pop', u'pop', u'tropical house']",77
HRVY,28y6CyJNkGNjJQKrlx4AmN,499684,"[u'pop', u'post-teen pop', u'teen pop']",67
Dennis Lloyd,3EOEK57CV77D4ovYVcmiyt,160176,[u'israeli pop'],74
DJ A1,76STnzdGp9dpBe7nX7rQB2,11,[],0
King Princess,6beUvFUlKliUYJdLOXNj9C,188947,"[u'dance pop', u'electropop', u'pop']",73
Thomas Rhett,6x2LnllRG5uGarZMsD4iO8,2332704,"[u'contemporary country', u'country', u'country road', u'modern country rock']",78
Lil Dicky,1tqhsYv8yBBdwANFNzHtcr,1050536,"[u'hip hop', u'pop rap', u'rap']",75
Sabrina Carpenter,74KM79TiuVKeVCqs8QtB0B,2130915,"[u'dance pop', u'pop', u'post-teen pop', u'viral pop']",74
Zion & Lennox,21451j1KhjAiaYKflxBjr1,2981782,"[u'latin', u'latin hip hop', u'latin pop', u'pop', u'reggaeton', u'tropical']",84
Khea,4m6ubhNsdwF4psNf3R8kwR,916461,"[u'argentine hip hop', u'trap argentino']",77
N.E.R.D,5wPoxI5si3eJsYYwyXV4Wi,418363,"[u'hip hop', u'pop', u'pop rap', u'rap']",67
Prince Royce,3MHaV05u0io8fQbZ2XPtlC,3477608,"[u'bachata', u'dance pop', u'latin', u'latin pop', u'pop', u'tropical']",84
Panic! At The Disco,20JZFwl6HVl6yg8a4H3ZqK,5732423,"[u'emo', u'modern rock', u'pop punk']",88
Diplo,5fMUXHkw8R8eOP2RNVYEZX,1729586,"[u'bmore', u'edm', u'moombahton', u'ninja', u'pop', u'rap']",88
George Ezra,2ysnwxxNtSgbb9t1m2Ur4j,1670131,[u'neo-singer-songwriter'],83
Calum Scott,6ydoSd3N2mwgwBHtF6K7eX,894155,[u'pop'],78
Madison Beer,2kRfqPViCqYdSGhYSM9R0Q,786351,"[u'dance pop', u'pop', u'post-teen pop', u'r&b']",80
Dan + Shay,7z5WFjZAIYejWy0NI5lv4T,672371,[u'contemporary country'],78
"Tyler, The Creator",4V8LLVI7PbaPR0K2TGSxFF,2422574,"[u'hip hop', u'rap']",81
Ty Dolla $ign,7c0XG5cIJTrrAgEC3ULPiq,2306109,"[u'hip hop', u'pop', u'pop rap', u'r&b', u'rap', u'trap music']",89
Boef,0Jsk5iYMr5aNjHury7blm1,575623,[u'dutch hip hop'],77
Hayley Kiyoko,3LjhVl7GzYsza1biQjTpaN,767557,"[u'dance pop', u'electropop', u'indie poptimism', u'pop', u'post-teen pop']",69
Ricky Martin,7slfeZO9LsJbWgpkIoXBUJ,4242662,"[u'dance pop', u'latin', u'latin pop', u'mexican pop', u'pop', u'tropical']",75
Zé Neto & Cristiano,487N2T9nIPEHrlTZLL3SQs,4863231,[u'sertanejo universitario'],85
AJR,6s22t5Y3prQHyaHWUN1R1C,581283,"[u'modern rock', u'pop']",76
Poo Bear,3JXpwnHbLvXxY99EuXqFPX,23885,[u'deep pop r&b'],66
Thirty Seconds To Mars,0RqtSIYZmd4fiBKVFqyIqD,2039861,"[u'modern rock', u'pop punk', u'post-grunge', u'rock']",74
Bomba Estéreo,5n9bMYfz9qss2VOW89EVs2,609035,"[u'cumbia', u'latin alternative']",70
NOTD,5jAMCwdNHWr7JThxtMuEyy,23192,"[u'dance pop', u'edm', u'electropop', u'pop', u'tropical house']",75
Nicki Minaj,0hCNtLu0JehylgoiP8L4Gh,13790129,"[u'dance pop', u'hip pop', u'pop', u'pop rap']",95
Florence + The Machine,1moxjboGR7GNWYIMWsRjgG,4180045,"[u'chamber pop', u'folk-pop', u'pop']",79
Young Thug,50co4Is1HCEo8bhOyUWKpn,3597962,"[u'atl hip hop', u'atl trap', u'gangster rap', u'hip hop', u'pop', u'pop rap', u'rap', u'trap music']",87
Nio Garcia,5hdhHgpxyniooUiQVaPxQ0,431978,"[u'latin', u'reggaeton flow', u'tropical']",78
Karol G,790FomKkXshlbRYZFtlgla,3599303,[u'reggaeton'],83
Jorge & Mateus,1elUiq4X7pxej6FRlrEzjM,8909113,"[u'sertanejo', u'sertanejo universitario']",83
Sigala,1IueXOQyABrMOprrzwQJWN,682867,"[u'dance pop', u'edm', u'pop', u'tropical house']",78
MC Kekel,2ZXnTEyYopSLCDiz5Z0XIf,2307642,[u'deep funk carioca'],79
Leslie Grace,6BeO1KuAWBqFriL1mLHtNc,532753,"[u'bachata', u'latin', u'latin pop', u'latin viral pop', u'tropical']",73
Cosculluela,00me4Ke1LsvMxt5kydlMyU,2218696,"[u'latin', u'latin hip hop', u'reggaeton', u'reggaeton flow', u'tropical']",79
J. Cole,6l3HvQ5sa6mXTsMTB19rO5,7069512,"[u'conscious hip hop', u'hip hop', u'pop rap', u'rap']",88
Ariana Grande,66CXWjxzNUsdJxJ2JdwvnR,22351014,"[u'dance pop', u'pop', u'post-teen pop']",98
Anne-Marie,1zNqDE7qDGCsyzJwohVaoX,2447849,"[u'dance pop', u'pop', u'post-teen pop', u'tropical house']",87
Billie Eilish,6qqNVTkY8uBg9cP3Jd7DAH,3407414,"[u'electropop', u'pop']",93
Capo Plaza,5SulO4l40qDuV9zUGLZx7n,1461201,[u'italian hip hop'],77
Seeb,5iNrZmtVMtYev5M9yoWpEq,113666,"[u'dance pop', u'edm', u'norwegian pop', u'pop', u'tropical house']",78
Tim Berg,7iLc4hrjOjQPfg1E3cCHg1,146441,"[u'big room', u'edm', u'electro house', u'progressive electro house']",55
Leona Lewis,5lKZWd6HiSCLfnDGrq9RAm,1523368,"[u'dance pop', u'europop', u'pop', u'post-teen pop', u'r&b', u'talent show', u'urban contemporary']",78
Banx & Ranx,2uFC1dAj5b0YU7vulKNZ0p,6860,[u'basshall'],64
Mason Ramsey,6xvpfMjWTougrRRtK7iikz,61688,"[u'contemporary country', u'country']",55
Capital Bra,4WZGDpNwrC0vNQyl9QzF7d,1440803,[u'german hip hop'],84
Gzuz,5eioJDe26lOqkAMbuhzZYs,629946,"[u'deep german hip hop', u'german hip hop']",81
MC MM,3a5ydeAaojKa3CHWe5PVWK,633791,"[u'baile pop', u'brazilian electronica', u'deep funk carioca']",63
MC WM,14D0I0RYqvIorkPL2EWoQh,2328716,"[u'baile pop', u'deep funk carioca']",71
Kanye West,5K4W6rqBFWDnAN6FQUkS6x,8968649,"[u'pop rap', u'rap']",92
Paulo Londra,3vQ0GE3mI0dAaxIMYe5g7z,2846421,"[u'argentine hip hop', u'trap argentino', u'trap latino']",88
Charlie Charles,1UCxzrM5WJh9ure5vCcsim,278072,[u'italian hip hop'],64
Christina Aguilera,1l7ZsJRRS8wlW3WfJfPfNS,3813954,"[u'dance pop', u'pop', u'post-teen pop', u'r&b']",82
Jess Glynne,4ScCswdRlyA23odg9thgIO,1232108,"[u'dance pop', u'pop', u'post-teen pop', u'tropical house']",83
J-AX,2iK8weavvfS2xJCmzNzNE5,833732,"[u'italian arena pop', u'italian hip hop', u'italian pop']",69
Alvaro Soler,2urF8dgLVfDjunO0pcHUEe,750121,[u'latin pop'],72
Arctic Monkeys,7Ln80lUS6He07XvHI8qqHH,7143278,"[u'garage rock', u'indie rock', u'modern rock', u'permanent wave', u'rock', u'sheffield indie']",85
John Mayer,0hEurMDQu99nJRq8pTxO14,3337975,"[u'neo mellow', u'pop', u'pop rock', u'singer-songwriter']",83
Playboi Carti,699OTQXzgjhIYAHMy9RyPD,1927072,"[u'atl hip hop', u'hip hop', u'pop rap', u'rap', u'southern hip hop', u'trap music', u'underground hip hop']",81
Bastille,7EQ0qTo7fWT7DPxmxtSYEc,3139404,"[u'metropopolis', u'modern rock', u'pop']",86
Dark Polo Gang,4CuMwzDzEdlUJMEna38VQ0,808019,"[u'italian alternative', u'italian hip hop']",70
Juice WRLD,4MCBfE4596Uoi2O4DtmEMz,2590002,[u'rap'],93
Netta,4Z4afeDmHFxPmJorIwupbZ,26824,"[u'eurovision', u'israeli pop']",54
Eleni Foureira,39E15l8zeCDYpSZwFNX4G2,32636,[u'laiko'],61
Mikolas Josef,6Kz7MXIUFMtp5Ts91lagtR,30974,[u'czech pop'],51
Michael Schulte,21aa4pj9BvbFB2iT8kRpnq,65589,"[u'german pop', u'indie cafe pop']",65
Kane Brown,3oSJ7TBVCWMDMiYjXNiCKE,1161112,"[u'contemporary country', u'country road']",79
Benjamin Ingrosso,7jEEE187pVG6InOxn03oA5,57867,"[u'swedish idol pop', u'swedish pop']",67
Tee Grizzley,6AUl0ykLLpvTktob97x9hO,1078201,"[u'detroit hip hop', u'detroit trap', u'hip hop', u'pop rap', u'rap', u'southern hip hop', u'trap music']",78
Lil Baby,5f7VJjfbwm532GiveGC0ZK,1291092,"[u'atl hip hop', u'atl trap', u'rap', u'trap music']",92
Luis Miguel,2nszmSgqreHSdJA3zWPyrW,2588318,"[u'bolero', u'latin', u'latin pop', u'mariachi']",85
Tiësto,2o5jDhtHVPhrJdv3cEQ99Z,3946605,"[u'big room', u'brostep', u'dance pop', u'edm', u'electro house', u'house', u'pop', u'trance', u'tropical house']",82
OneRepublic,5Pwc4xIPtQLFEnJriah9YJ,6504991,"[u'dance pop', u'neo mellow', u'piano rock', u'pop', u'pop rap', u'pop rock']",82
Tyga,5LHRHt1k9lMyONurDHEdrp,4369738,"[u'hip hop', u'pop', u'pop rap', u'rap', u'trap music']",87
Jennifer Lopez,2DlGxzQSjYe5N6G9nkYghR,5758562,"[u'dance pop', u'pop', u'post-teen pop', u'r&b', u'urban contemporary']",80
Aldair Playboy,6LjdKBMnP1Da8Oe6WhrN56,324261,[u'brega funk'],66
Loud Luxury,6t1gpxYbY8OlLA7D2RiikQ,56512,"[u'edm', u'pop', u'tropical house']",79
Pusha T,0ONHkAv9pCAFxb0zJwDNTy,1120104,"[u'hip hop', u'pop rap', u'rap', u'southern hip hop', u'trap music', u'underground hip hop']",76
Matheus & Kauan,2Z0lRIqr997lIUiPtrpKCr,5082786,[u'sertanejo universitario'],80
Wesley Safadão,1AL2GKpmRrKXkYIcASuRFa,5995519,[u'forro'],82
The 1975,3mIj9lX2MWuHmhNCA7LSCW,2738235,"[u'modern alternative rock', u'nu gaze', u'pop', u'shiver pop']",85
Gorillaz,3AA28KZvwAUcZuOKwyblJQ,3788541,"[u'alternative hip hop', u'art pop']",80
Charli XCX,25uiPmTg16RbhZWAqwLBy5,1369955,"[u'candy pop', u'dance pop', u'edm', u'electropop', u'hip pop', u'metropopolis', u'pop', u'post-teen pop', u'r&b', u'tropical house']",80
Florida Georgia Line,3b8QkneNDz4JHKKKlLgYZg,2415526,"[u'contemporary country', u'country', u'country road', u'modern country rock']",83
KIDS SEE GHOSTS,2hPgGN4uhvXAxiXQBIXOmE,173252,"[u'hip hop', u'pop rap', u'rap']",72
Summer Cem,3drqpTL4sQOckmAfF9i1wg,509493,[u'german hip hop'],75
MC Bruninho,3shPgAzHMyRwWOkXeoWKeB,169142,"[u'brega funk', u'deep funk carioca']",69
Louis The Child,7wg1qvie3KqDNQbAkTdbX0,240889,"[u'edm', u'electropop', u'pop', u'tropical house']",72
Damso,2UwqpfQtNuhBwviIC0f2ie,1778454,"[u'belgian hip hop', u'french hip hop', u'rap conscient', u'trap francais']",78
2 Chainz,17lzZA2AlOHwCwFALHttmp,3851274,"[u'atl hip hop', u'hip hop', u'pop', u'pop rap', u'rap', u'southern hip hop', u'trap music']",86
BLACKPINK,41MozSoPIsD1dJM0CLPjZF,4753046,[u'k-pop'],84
Alessia Cara,2wUjUUtkb5lvLKcGKsKqsR,4431425,"[u'canadian contemporary r&b', u'dance pop', u'pop', u'post-teen pop', u'r&b']",83
Nas,20qISvAhX20dpIbOOzGK3q,1441989,"[u'conscious hip hop', u'east coast hip hop', u'gangster rap', u'hardcore hip hop', u'hip hop', u'pop rap', u'rap']",75
Ella Mai,7HkdQ0gt53LP4zmHsL0nap,985939,"[u'pop', u'r&b', u'uk contemporary r&b', u'urban contemporary']",82
The Carters,4fpTMHe34LC5t3h5ztK8qu,356845,"[u'pop', u'r&b', u'rap']",70
Noah Cyrus,55fhWPvDiMpLnE4ZzNXZyW,361353,"[u'dance pop', u'electropop', u'pop', u'post-teen pop']",77
PNL,3NH8t45zOTqzlZgBvZRjvB,1534618,"[u'french hip hop', u'trap francais']",71
Ludmilla,3CDoRporvSjdzTrm99a3gi,2540369,[u'baile pop'],71
Alec Benjamin,5IH6FPUwQTxPSXurCrcIov,238448,"[u'dance pop', u'pop']",76
YG,0A0FS04o6zMoto8OKPsDwY,1491426,"[u'hip hop', u'pop', u'pop rap', u'rap', u'southern hip hop', u'trap music']",83
Brytiago,00XhexlJEXQstHimpZN910,1121841,"[u'latin', u'reggaeton flow', u'trap latino', u'tropical']",82
Miley Cyrus,5YGY8feqx7naU7z4HrwZM6,7527411,"[u'dance pop', u'pop', u'post-teen pop']",86
Twenty One Pilots,3YQKmKGau1PzlVlkL1iodx,11129189,"[u'pop punk', u'rock']",88
OMI,5MouCg6ta7zAxsfMEbc1uh,413226,"[u'dance pop', u'tropical house']",69
Dynoro,3v6Ji4uoWtKRkhuDUaxi9n,51553,[u'edm'],80
Bushido,3c96G4d2lUOxhomM2mby5S,774933,[u'german hip hop'],74
"Baddiel, Skinner & Lightning Seeds",3LtYMPncqtiugGwOuuLq3h,2642,[],46
Meek Mill,20sxb77xiYeusSH8cVdatc,2682339,"[u'pop', u'pop rap', u'rap', u'trap music']",90
Justin Quiles,14zUHaJZo1mnYtn6IBRaRP,991839,"[u'latin', u'latin hip hop', u'reggaeton', u'reggaeton flow', u'tropical']",80
Street Rappers,1iPOay2JCcgNMPvBaPe9Ky,27,[],4
benny blanco,5CiGnKThu5ctn9pBxv7DGa,69246,"[u'dance pop', u'pop', u'tropical house']",84
Wiz Khalifa,137W8MRPWKqSmrBGDBFSop,7674484,"[u'hip hop', u'pop', u'pop rap', u'rap', u'southern hip hop', u'trap music']",87
MØ,0bdfiayQAKewqEvaU6rXCv,934625,"[u'dance pop', u'danish pop', u'electropop', u'pop', u'tropical house']",79
Vance Joy,10exVja0key0uqUkk6LJRT,1488767,"[u'indie folk', u'modern rock', u'pop']",79
Thalía,23wEWD21D4TPYiJugoXmYb,1725195,"[u'dance pop', u'latin', u'latin pop', u'mexican pop', u'pop', u'tropical']",78
Chance the Rapper,1anyVhU62p31KFi8MEzkbf,3755145,"[u'conscious hip hop', u'hip hop', u'pop', u'pop rap', u'rap']",83
Alex Rose,2DspEsT7UXGKd2VaaedgG4,252294,"[u'reggaeton flow', u'trap latino', u'tropical']",78
Rvssian,1fctva4kpRbg2k3v7kwRuS,499361,"[u'italian hip hop', u'trap latino']",74
LANY,49tQo2QULno7gxHutgccqF,1091918,[u'pop'],80
El Profesor,2gTcdmBwgyh3EORKIXCzlw,23758,[],65
Dean Lewis,3QSQFmccmX81fWCUSPTS7y,243113,"[u'australian pop', u'pop']",82
Anuel Aa,2R21vXR83lH98kGeO99Y66,3915403,"[u'reggaeton flow', u'trap latino']",94
Aitana,7eLcDZDYHXZCebtQmVFL25,341107,[u'spanish pop'],76
Kris Kross Amsterdam,4LcUpNlXFEleaLlelmkv2R,56836,"[u'dutch house', u'tropical house']",74
DJ Durel,1MHslxKWxauC559dXYEX1C,2794,"[u'rap', u'southern hip hop', u'trap music']",55
Bonez MC,1aS5tqEs9ci5P9KD9tZWa6,670852,[u'german hip hop'],83
Robyn,6UE7nl9mha6s8z0wFQFIZ2,505516,"[u'dance pop', u'electropop', u'europop', u'pop', u'swedish electropop', u'swedish pop']",71
Mac Miller,4LLpKhyESsyAXpc4laK94U,2868811,"[u'hip hop', u'pop rap', u'rap']",86
Trippie Redd,6Xgp2XMz1fhVYe7i6yNAax,2396064,"[u'rap', u'trap music']",90
Smokepurpp,21dooacK2WGBB5amYvKyfM,1290327,"[u'miami hip hop', u'rap', u'trap music', u'underground hip hop', u'vapor trap']",76
Quavo,0VRj0yCOv2FXJNP47XQnx5,2398668,"[u'atl hip hop', u'pop', u'pop rap', u'rap', u'trap music']",90
Gryffin,2ZRQcIgzPCVaT9XKhXZIzh,169520,"[u'dance pop', u'edm', u'electro house', u'indie poptimism', u'pop', u'tropical house']",76
Sheck Wes,2RDOrhPqAM4jzTRCEb19qX,294966,"[u'hip hop', u'pop rap', u'rap', u'trap music', u'underground hip hop']",82
Armin van Buuren,0SfsnGyD8FpIN4U4WCkBZ5,2525846,"[u'edm', u'progressive house', u'progressive trance', u'trance']",79
Aretha Franklin,7nwUJBm0HE4ZxD3f5cy5ok,1670580,"[u'christmas', u'classic soul', u'jazz blues', u'memphis soul', u'soul', u'southern soul']",76
Lele Pons,6i3DxIlAqnDkwELLw4aVrx,166333,[u'viral pop'],73
a-ha,2jzc5TC5TVFLXQlBNiIUzE,690190,"[u'dance rock', u'new romantic', u'new wave', u'new wave pop', u'permanent wave', u'soft rock', u'synthpop']",73
Bring Me The Horizon,1Ffb6ejR6Fe5IamqA5oRUF,2116640,"[u'melodic metalcore', u'metalcore', u'pop punk', u'rock', u'screamo']",76
Nick Jonas,4Rxn7Im3LGfyRkY2FlHhWi,3777157,"[u'dance pop', u'pop', u'post-teen pop', u'r&b', u'viral pop']",76
Bas,70gP6Ry4Uo0Yx6uzPIdaiJ,144698,"[u'hip hop', u'pop rap', u'rap', u'southern hip hop', u'trap music', u'underground hip hop']",70
Bryce Vine,1ShZZUjkbXCjhwrb18BA8I,121326,"[u'indie pop rap', u'pop', u'pop rap']",72
Why Don't We,2jnIB6XdLvnJUeNTy5A0J2,1003394,"[u'boy band', u'dance pop', u'pop', u'post-teen pop', u'teen pop']",79
Paul Rosenberg,6bwVWdQfr6ttzrGLboVkjg,883,"[u'hip hop', u'rap']",58
Alesso,4AVFqumd2ogHFlRbKIjp1t,2443573,"[u'big room', u'dance pop', u'edm', u'electro house', u'pop', u'progressive electro house', u'tropical house']",80
Lil Mosey,5zctI4wO9XSKS8XwcnqEHk,332981,"[u'rap', u'rap conscient', u'trap music', u'vapor trap']",80
Social House,5UjifI1TYefXWn9GdqDOHl,9797,[u'pop rap'],64
Silk City,2X97ZAqRKRMYFIDqtvGgGc,20808,"[u'edm', u'house', u'pop', u'tropical house']",76
Russ,1z7b1Pr1rSlvWRzsW3HOrS,1924248,"[u'hip hop', u'pop', u'rap']",84
Frenna,6m1LYS5NQonxjOcQFPQOb5,179452,[u'dutch hip hop'],79
Lukas Graham,25u4wHJWxCA9vO0CzxAbK7,1078995,[u'danish pop'],81
Steve Aoki,77AiFEVeAVj2ORpC85QVJs,2864529,"[u'big room', u'dance pop', u'edm', u'electro house', u'pop', u'tropical house']",83
Flipp Dinero,2HUwZ0kumzCSlhFcjFZfpp,142037,"[u'rap', u'trap music', u'vapor trap']",78
Gue Pequeno,7F2utINZ6tSokSiZTQBE27,994656,[u'italian hip hop'],76
Joji,3MZsBdqDrRTJihTHQrO6Dq,850082,"[u'alternative r&b', u'viral pop']",83
Lana Del Rey,00FQb4jTyendYWaN8pK0wa,7520652,[u'pop'],83
6LACK,4IVAbR2w4JJNJDDRFP3E83,1287223,"[u'alternative r&b', u'atl hip hop', u'hip hop', u'pop', u'pop rap', u'rap', u'trap music']",84
Loredana,2Im8m4STDBosjfmb5hmP80,63563,[u'german hip hop'],71
Marília Mendonça,1yR65psqiazQpeM79CcGh8,7974648,[u'sertanejo'],84
GASHI,0JOxt5QOwq0czoJxvSc5hS,63125,[u'trap soul'],69
Aminé,3Gm5F95VdRxW3mqCn8RPBJ,746245,"[u'hip hop', u'pop', u'pop rap', u'portland hip hop', u'rap']",80
Lil Peep,2kCcBybjl3SAtIcwdWpUe3,1768658,"[u'emo rap', u'lgbtq+ hip hop']",87
Salmo,3hBQ4zniNdQf1cqqo6hzuW,1032703,"[u'italian hip hop', u'italian underground hip hop']",82
Mumford & Sons,3gd8FJtBJtkRxdfbTu19U2,4766718,[u'modern rock'],83
Farid Bang,2JwyRtuXf2l6sTnSnGVIa1,518591,[u'german hip hop'],72
BROCKHAMPTON,1Bl6wpkWCQ4KVgnASpvzzA,658880,"[u'boy band', u'hip hop', u'rap']",79
Avril Lavigne,0p4nmQO2msCgU4IF37Wi3j,3653280,"[u'canadian pop', u'candy pop', u'dance pop', u'pop', u'post-teen pop']",79
Veysel,4VuARVJiWGsH2msKTdsKdQ,413921,"[u'albanian hip hop', u'german hip hop']",76
Ava Max,4npEfmQ6YuiwW1GpUmaq3F,78411,[],83
Lil Wayne,55Aa2cqylxrFIXC767Z865,7158460,"[u'hip hop', u'pop rap', u'rap', u'trap music']",91
Lady Gaga,1HY2Jd0NmPuamShAr6KMms,6217117,"[u'dance pop', u'pop']",91
Lauren Daigle,40LHVA5BTQp9RxHOQ9JPYj,638917,[u'christian music'],77
Anderson .Paak,3jK9MiCrA42lLAdMGUZpwa,856535,"[u'escape room', u'hip hop', u'indie r&b', u'la indie', u'rap']",80
Gunna,2hlmm7s2ICUX0LVIhVFlZQ,549698,"[u'atl hip hop', u'hip hop', u'rap', u'trap music']",89
Bryant Myers,6w9ToX5slZ4uIdmD17hJ3c,2148504,"[u'latin', u'reggaeton flow', u'trap latino', u'tropical']",81
Marc Anthony,4wLXwxDeWQ8mtUIRPxGiD6,2671888,"[u'latin', u'latin pop', u'salsa', u'tropical']",82
Kevin Roldan,1RBzGO6Nm3uyhUSxP7EDWO,2100264,"[u'latin', u'reggaeton', u'reggaeton flow', u'tropical']",78
Little Mix,3e7awlrlDSwF3iM0WBjGMp,5101291,"[u'dance pop', u'girl group', u'pop', u'post-teen pop', u'r&b', u'talent show']",86
Zara Larsson,1Xylc3o4UrD53lo9CvFvVg,4069345,"[u'dance pop', u'edm', u'pop', u'post-teen pop', u'swedish electropop', u'swedish pop', u'tropical house']",84
KitschKrieg,5tHiL8SKSaZGMBUPIiSmX4,16379,[u'german hip hop'],74
RM,2auC28zjQyVTsiZKNgPRGs,411500,[u'k-pop'],71
Lauren Jauregui,3J0BpFVUc9LeOIVeN5uNhU,410697,"[u'dance pop', u'pop', u'post-teen pop']",67
Normani,2cWZOOzeOm4WmBJRnD5R7I,144608,"[u'dance pop', u'pop', u'post-teen pop', u'r&b']",76
Takeoff,3EW0kQ1skZiK1NHg3Spt9J,255569,"[u'atl hip hop', u'hip hop', u'pop', u'pop rap', u'rap', u'southern hip hop', u'trap music']",76
Felipe Araújo,47uyFQHOD02S0lj9ptRpoB,1697764,[u'sertanejo universitario'],78
Morat,5C4PDR4LnhZTbVnKWXuDKD,1401473,"[u'colombian pop', u'latin pop']",82
"Ray Parker, Jr.",0NyzfcGDZZ6GM25EBG9BYK,25737,"[u'disco', u'funk']",57
"Bobby ""Boris"" Pickett & The Crypt-Kickers",1QM4zJDvUZPB1oX0pGLkjg,687,[u'halloween'],43
Rihanna,5pKCCKE2ajJHZ9KAiaK11H,28985981,"[u'dance pop', u'pop', u'post-teen pop', u'r&b', u'urban contemporary']",91
The Citizens of Halloween,164hs3x1Tsp3FgJWNHee1r,5191,[],50
Blue Öyster Cult,00tVTdpEhQQw1bqdu8RCx2,572927,"[u'album rock', u'art rock', u'blues-rock', u'classic rock', u'hard rock', u'metal', u'psychedelic rock', u'rock', u'soft rock', u'southern rock']",66
Marilyn Manson,2VYQTNDsvvKN9wmU5W7xpj,1823257,"[u'alternative metal', u'industrial', u'industrial metal', u'industrial rock', u'nu metal', u'rock', u'wrestling']",73
DJ Jazzy Jeff & The Fresh Prince,1mG23iQeR29Ojhq89D5gbh,135946,"[u'gangster rap', u'hip hop', u'old school hip hop', u'rap']",59
Metro Boomin,0iEtIxbK0KxaSlF7G42ZOp,1001270,"[u'hip hop', u'pop', u'pop rap', u'rap', u'trap music']",88
Fedez,3pgCLfNbw5ozIfoNsvDU7i,1125439,"[u'italian arena pop', u'italian hip hop', u'italian pop']",69
Carly Rae Jepsen,6sFIWsNpZYqfjUpaCgueju,3083259,"[u'canadian pop', u'dance pop', u'electropop', u'indie poptimism', u'pop', u'post-teen pop']",74
EXO,3cjEqqelV9zb4BYE3qDQ4O,3478042,[u'k-pop'],80
Mariah Carey,4iHNK0tOyZPYnBU7nGAgpQ,3808161,"[u'dance pop', u'pop', u'r&b', u'urban contemporary']",89
K/DA,4gOc8TsQed9eqnqJct2c5v,53872,[],70
Pedro Capó,4QVBYiagIaa6ZGSPMbybpy,85425,[u'latin pop'],81
JENNIE,250b0Wlc5Vk0CoUsaCY84M,127891,[],75
Orelsan,4FpJcNgOvIpSBeJgRg3OfN,821705,"[u'belgian hip hop', u'french hip hop', u'rap conscient']",76
Mike WiLL Made-It,0NWbwDZY1VkRqFafuQm6wk,743019,"[u'atl hip hop', u'hip hop', u'pop', u'pop rap', u'rap', u'southern hip hop', u'trap music']",75
Samra,6h1s4i4XKIYv4ErDelLDN0,43621,"[u'deep german hip hop', u'german hip hop']",73
Wham!,5lpH0xAS4fVfLkACg9DAuM,612426,"[u'new wave pop', u'soft rock']",83
Wisin & Yandel,1wZtkThiXbVNtj6hee6dz9,2650000,"[u'electro latino', u'latin', u'latin hip hop', u'reggaeton', u'tropical']",82
Brenda Lee,4cPHsZM98sKzmV26wlwD2W,102925,"[u'adult standards', u'brill building pop', u'christmas']",80
Michael Bublé,1GxkXlMwML1oSg5eLPiAz3,2906458,"[u'adult standards', u'canadian pop', u'lounge']",93
Bobby Helms,38EmEgXkgK51MT2tPY0EoC,8395,"[u'adult standards', u'christmas']",79
Andy Williams,4sj6D0zlMOl25nprDJBiU9,166200,"[u'adult standards', u'christmas', u'easy listening', u'mellow gold']",81
Band Aid,35S20clEkkSNUo23ViaslZ,13901,[u'christmas'],78
Frank Sinatra,1Mxqyy3pSjf8kZZL4QVxS0,2637098,"[u'adult standards', u'christmas', u'easy listening', u'lounge']",87
MC L da Vinte,0lHB0Qc4pmD5RkTLlHeESo,57822,[u'deep funk carioca'],72
Bing Crosby,6ZjFtWeHP9XN7FeKSUe80S,207600,"[u'adult standards', u'christmas', u'easy listening']",87
Paul McCartney,4STHEaNw4mPZ2tzheohgXB,1947232,"[u'album rock', u'classic rock', u'folk rock', u'mellow gold', u'rock', u'soft rock']",81
John Lennon,4x1nvY2FN8jxqAFA0DA02H,2171517,"[u'album rock', u'classic rock', u'folk rock', u'mellow gold', u'rock']",80
Chris Rea,5KEG7G8LDYlHgFDqZyEEs2,224380,"[u'art rock', u'blues-rock', u'mellow gold', u'soft rock']",77
Nat King Cole,7v4imS0moSyGdXyLgVTIV7,909901,"[u'adult standards', u'christmas']",82
Kelly Clarkson,3BmGtnKgCSGYIUhmivXKWX,4332672,"[u'dance pop', u'neo mellow', u'pop', u'pop rock', u'post-teen pop', u'r&b', u'talent show']",83
José Feliciano,7K78lVZ8XzkjfRSI7570FF,125522,[],76
Burl Ives,0MHgLfmQdutffmvWe5XBTN,21717,"[u'adult standards', u'american folk revival', u'christmas']",77
Ski Mask The Slump God,2rhFzFmezpnW82MNqEKVry,1642010,"[u'miami hip hop', u'rap', u'trap music']",87
Dean Martin,49e4v89VmlDcFCMyDv9wQ9,575621,"[u'adult standards', u'christmas', u'easy listening', u'lounge']",83
The Pogues,2wzMOQwNT6ZvVB4amvhFAH,217887,"[u'celtic punk', u'celtic rock', u'folk punk', u'punk']",75
Brett Eldredge,0qSX3s5pJnAlSsgsCne8Cz,801592,"[u'contemporary country', u'country', u'country road', u'modern country rock']",79
Britney Spears,26dSoYclwsYLMAKD3tpOr4,5531824,"[u'dance pop', u'pop', u'post-teen pop']",82
Stan Kenton,2cFCoDyEaPrw8QVnrDlPKU,61,[],41
The Ronettes,7CyeXFnOrfC1N6z4naIpgo,97202,"[u'adult standards', u'brill building pop', u'christmas', u'classic girl group', u'motown', u'soul']",76
Elvis Presley,43ZHCT0cAZBISjO8DG9PnE,2650563,"[u'adult standards', u'christmas', u'rock-and-roll', u'rockabilly']",84
Shakin' Stevens,0wi4yTYlGtEnbGo4ltZTib,56813,"[u'europop', u'rock-and-roll', u'rockabilly']",74
Eartha Kitt,1AwO9pWEBSBoWdEZu28XDC,61514,"[u'adult standards', u'christmas', u'vocal jazz']",71
Pentatonix,26AHtbjWKiwYzsoGoUZq53,2125386,[u'a cappella'],86
Kylie Minogue,4RVnAU35WRWra6OZ3CbbMA,714180,"[u'australian dance', u'australian pop', u'dance pop', u'electropop', u'eurodance', u'europop', u'new wave pop', u'pop', u'pop rock']",78
Elton John,3PhoLpVuITZKcymswpck5b,2232801,"[u'glam rock', u'mellow gold', u'piano rock', u'rock', u'soft rock']",83
Tony Bennett,2lolQgalUvZDfp5vvVtTYV,381061,"[u'adult standards', u'christmas', u'easy listening', u'vocal jazz']",78
Chuck Berry,293zczrfYafIItmnmM3coR,780545,"[u'christmas', u'classic rock', u'folk rock', u'rock', u'rock-and-roll', u'rockabilly', u'soul']",75
Mykola Dmytrovych Leontovych,6lBN3Tzt61u8i9AJoAhKzF,1043,"[u'post-romantic era', u'ukrainian classical']",70
*NSYNC,6Ff53KvcvAj5U7Z1vojB5o,823968,"[u'boy band', u'dance pop', u'pop', u'post-teen pop']",77
Bruce Springsteen,3eqjTLE0HfPfh78zjh6TqT,1917383,"[u'heartland rock', u'mellow gold', u'permanent wave', u'rock', u'singer-songwriter']",80
Gwen Stefani,4yiQZ8tQPux8cPriYMWUFP,2713708,"[u'dance pop', u'europop', u'hip pop', u'pop', u'pop rap', u'pop rock', u'post-teen pop', u'r&b', u'urban contemporary']",78
Perry Como,5v8jlSmAQfrkTjAlpUfWtu,142186,"[u'adult standards', u'christmas', u'easy listening', u'vocal jazz']",78
H.E.R.,3Y7RZ31TRPVadSFVy1o8os,995353,"[u'alternative r&b', u'indie r&b', u'pop', u'r&b']",80
Peter Manos,4K9aclpXgCPNFGEqRlFPal,19397,"[u'indie cafe pop', u'pop']",70
Azet,39KEQQAG9JhIt71g9NEVhh,617632,"[u'albanian hip hop', u'german hip hop']",75
Darlene Love,391oLRVmoTkumiN79HkTWu,22527,"[u'adult standards', u'brill building pop', u'christmas', u'motown']",72
Judy Garland,0hItVPjwJLVZrFqOyIsxPf,90153,"[u'adult standards', u'christmas', u'hollywood', u'show tunes', u'vocal jazz']",69
The Beach Boys,3oDbviiivRWhXwIE8hxkVV,1695375,"[u'brill building pop', u'christmas', u'folk rock', u'psychedelic rock', u'rock']",77
Gene Autry,5ixB75BQR3ADoWQkcHQJTs,17683,"[u'adult standards', u'christmas', u'cowboy western']",71
Backstreet Boys,5rSXSAkZ67PYJSvpUpkOr7,1781969,"[u'boy band', u'dance pop', u'europop', u'pop']",81
Bryan Adams,3Z02hBLubJxuFJfhacLSDc,963882,"[u'album rock', u'canadian pop', u'classic canadian rock', u'heartland rock', u'mellow gold', u'rock', u'soft rock']",78
Melanie Thornton,2apYMRrg5FxN4go0pfsCvf,3895,[],65
Boney M.,54R6Y0I7jGUCveDTtI21nb,347490,"[u'disco', u'europop']",74
Idina Menzel,73Np75Wv2tju61Eo9Zw4IR,176100,"[u'christmas', u'hollywood', u'show tunes']",75
Slade,10n5lhNDoSMUHWLlnST1yw,80847,"[u'album rock', u'glam rock', u'hard rock']",67
Ella Fitzgerald,5V0MlUE1Bft0mbLlND7FJz,1223556,"[u'adult standards', u'christmas', u'jazz blues', u'swing', u'vocal jazz']",79
Train,3FUY2gzHeIiaesXtOAdB7A,2538591,"[u'neo mellow', u'pop', u'pop rap', u'pop rock', u'post-teen pop']",78
Nina Nesbitt,7AzjETXRUKNRSJHMW9GIqd,140044,"[u'dance pop', u'electropop', u'neo-singer-songwriter', u'pop']",74
Jessie J,2gsggkzM5R49q6jpPvazou,5302663,"[u'dance pop', u'pop', u'pop rap', u'post-teen pop', u'r&b']",78
Céline Dion,4S9EykWXhStSc15wEx8QFK,1878363,"[u'canadian pop', u'dance pop']",79
Carpenters,1eEfMU2AhEo7XnKgL7c304,697406,"[u'adult standards', u'christmas', u'mellow gold', u'soft rock']",77
Donny Hathaway,0HU0U9kdXEHZVxUNbuQe8S,221913,"[u'chicago soul', u'classic soul', u'disco', u'funk', u'motown', u'neo soul', u'quiet storm', u'r&b', u'soul', u'southern soul', u'vocal jazz']",70
Eagles,0ECwFtbIWEVNwjlrfc6xoL,2495181,"[u'album rock', u'classic rock', u'folk rock', u'heartland rock', u'mellow gold', u'rock', u'soft rock']",79
Band Aid 30,6KfzyefHYuqfWaI5taICaN,2233,[],64
Devin Dawson,2ySHS7UojGu20XfUPaBlyu,75727,"[u'canadian contemporary country', u'contemporary country']",69
Tom Petty and the Heartbreakers,4tX2TplrkIP4v05BNC903e,832490,"[u'album rock', u'classic rock', u'folk rock', u'heartland rock', u'mellow gold', u'pop rock', u'rock', u'roots rock', u'soft rock']",74
Johnny Mathis,21LGsW7bziR4Ledx7WZ1Wf,128758,"[u'adult standards', u'brill building pop', u'christmas', u'easy listening', u'mellow gold', u'vocal jazz']",72
Thurl Ravenscroft,5Gejwv3xz2DpLcxVpMD6hL,1731,[],67
Jona Lewie,3nohf4qILMr5aUSOsolwxB,3978,[],64
Vince Guaraldi Trio,4ytkhMSAnrDP8XzRNlw9FS,59861,"[u'adult standards', u'christmas', u'jazz trio']",75
Pretenders,0GByy3DcfbQwDvXGCWmzv9,393165,"[u'album rock', u'art rock', u'classic rock', u'dance rock', u'folk', u'folk rock', u'folk-pop', u'heartland rock', u'mellow gold', u'new romantic', u'new wave', u'new wave pop', u'permanent wave', u'pop rock', u'rock', u'roots rock', u'soft rock']",70
Kay Starr,7rpf45DdbpweG51Acze45i,17574,"[u'adult standards', u'big band', u'brill building pop', u'christmas', u'easy listening', u'lounge', u'swing', u'vocal jazz']",64
Mel & Kim,3ZLTo5lvkqwEdOCmE4BMkc,11038,[],64
Nat King Cole Trio,3OpnoUqoRIHWbsFs4Nw0NQ,61698,"[u'adult standards', u'big band', u'christmas', u'lounge', u'swing', u'vocal jazz']",64
Wizzard,7823Dim2TzjiQQ9wRQxyi9,12003,[u'glam rock'],65
Hannah Kerr,5FxshnB3eJ2YDn8xN8zDKq,14444,"[u'alternative ccm', u'anthem worship']",64
LX,10XY9PZCJKzUFzZOdtlQLU,11680,[],69
Dennis DJ,6xlRSRMLgZbsSNd0BMobwy,1168730,[u'baile funk'],81
Márcia Fellipe,3OxZ4asD88P1lJJmLcXz4K,596144,"[u'sertanejo pop', u'sertanejo universitario']",73
Humberto & Ronaldo,1zEo6Fk1iaaOYFlFPBHCFn,666233,"[u'sertanejo', u'sertanejo pop', u'sertanejo universitario']",71
Eurythmics,0NKDgy9j66h3DLnN8qu1bB,599161,"[u'dance rock', u'disco', u'europop', u'mellow gold', u'new romantic', u'new wave', u'new wave pop', u'rock', u'soft rock', u'synthpop']",71
Whitney Houston,6XpaIBNiVzIetEPCWDvAFP,3557196,"[u'dance pop', u'pop', u'r&b', u'urban contemporary']",79
